driver_name,mean_profile_score,final_profile
Lewis Hamilton,4.388888888888889,Elite
Max Verstappen,4.2,Elite
Michael Schumacher,3.5789473684210527,Young Contenders
Sebastian Vettel,3.5625,Young Contenders
Charles Leclerc,3.4285714285714284,Contenders
Lando Norris,3.3333333333333335,Contenders
Ayrton Senna,3.272727272727273,Contenders
Alain Prost,3.230769230769231,Contenders
Nico Rosberg,3.1818181818181817,Contenders
Valtteri Bottas,3.1666666666666665,Contenders
Kimi Räikkönen,3.1052631578947367,Contenders
George Russell,3.0,Contenders
Jackie Stewart,3.0,Contenders
Oscar Piastri,3.0,Contenders
Jochen Rindt,3.0,Contenders
Felipe Massa,2.8666666666666667,Contenders
Fernando Alonso,2.8095238095238093,Contenders
Carlos Sainz,2.8,Contenders
Daniel Ricciardo,2.7857142857142856,Contenders
Juan Pablo Montoya,2.6666666666666665,Contenders
Sergio Pérez,2.642857142857143,Contenders
Mark Webber,2.5833333333333335,Contenders
Mika Häkkinen,2.5454545454545454,Contenders
Jenson Button,2.5,Contenders
Damon Hill,2.5,Contenders
Jody Scheckter,2.3333333333333335,Experienced Runners
Niki Lauda,2.3333333333333335,Experienced Runners
Robert Kubica,2.2857142857142856,Experienced Runners
Pierre Gasly,2.25,Experienced Runners
Didier Pironi,2.2,Experienced Runners
David Coulthard,2.2,Experienced Runners
Ralf Schumacher,2.1818181818181817,Experienced Runners
Nelson Piquet,2.142857142857143,Experienced Runners
Heikki Kovalainen,2.142857142857143,Experienced Runners
James Hunt,2.142857142857143,Experienced Runners
Elio de Angelis,2.125,Experienced Runners
Romain Grosjean,2.1,Experienced Runners
Carlos Reutemann,2.090909090909091,Experienced Runners
Gerhard Berger,2.0714285714285716,Experienced Runners
Nigel Mansell,2.066666666666667,Experienced Runners
Rubens Barrichello,2.0526315789473686,Experienced Runners
Jack Doohan,2.0,Experienced Runners
Jules Bianchi,2.0,Experienced Runners
Jérôme d'Ambrosio,2.0,Experienced Runners
Jean-Éric Vergne,2.0,Experienced Runners
Max Chilton,2.0,Experienced Runners
Charles Pic,2.0,Experienced Runners
Esteban Gutiérrez,2.0,Experienced Runners
Vitaly Petrov,2.0,Experienced Runners
Lucas di Grassi,2.0,Experienced Runners
Bruno Senna,2.0,Experienced Runners
Karun Chandhok,2.0,Experienced Runners
Pastor Maldonado,2.0,Experienced Runners
Paul di Resta,2.0,Experienced Runners
Giedo van der Garde,2.0,Experienced Runners
Will Stevens,2.0,Experienced Runners
Marcus Ericsson,2.0,Experienced Runners
Daniil Kvyat,2.0,Experienced Runners
Kevin Magnussen,2.0,Experienced Runners
George Eaton,2.0,Experienced Runners
Stéphane Sarrazin,2.0,Experienced Runners
Sébastien Buemi,2.0,Experienced Runners
Toranosuke Takagi,2.0,Experienced Runners
Gianni Morbidelli,2.0,Experienced Runners
Esteban Tuero,2.0,Experienced Runners
Shinji Nakano,2.0,Experienced Runners
Jan Magnussen,2.0,Experienced Runners
Pedro Lamy,2.0,Experienced Runners
Norberto Fontana,2.0,Experienced Runners
Massimiliano Papis,2.0,Experienced Runners
Mark Blundell,2.0,Experienced Runners
Jean-Christophe Boullion,2.0,Experienced Runners
Ricardo Zonta,2.0,Experienced Runners
Karl Wendlinger,2.0,Experienced Runners
Domenico Schiattarella,2.0,Experienced Runners
Ralph Firman,2.0,Experienced Runners
Giorgio Pantano,2.0,Experienced Runners
Antônio Pizzonia,2.0,Experienced Runners
Patrick Friesacher,2.0,Experienced Runners
Franck Montagny,2.0,Experienced Runners
Robert Doornbos,2.0,Experienced Runners
Zsolt Baumgartner,2.0,Experienced Runners
Gianmaria Bruni,2.0,Experienced Runners
Justin Wilson,2.0,Experienced Runners
Nicolas Kiesa,2.0,Experienced Runners
Luciano Burti,2.0,Experienced Runners
Tarso Marques,2.0,Experienced Runners
Enrique Bernoldi,2.0,Experienced Runners
Gastón Mazzacane,2.0,Experienced Runners
Tomáš Enge,2.0,Experienced Runners
Alex Yoong,2.0,Experienced Runners
Tommy Byrne,2.0,Experienced Runners
Lamberto Leoni,2.0,Experienced Runners
Bobby Rahal,2.0,Experienced Runners
Patrick Gaillard,2.0,Experienced Runners
Boy Lunger,2.0,Experienced Runners
Gilles Villeneuve,2.0,Experienced Runners
Kevin Cogan,2.0,Experienced Runners
Rupert Keegan,2.0,Experienced Runners
Roberto Guerrero,2.0,Experienced Runners
Riccardo Paletti,2.0,Experienced Runners
Mikko Kozarowitzky,2.0,Experienced Runners
Patrick Nève,2.0,Experienced Runners
Loris Kessel,2.0,Experienced Runners
Tony Brise,2.0,Experienced Runners
Helmuth Koinigg,2.0,Experienced Runners
Roger Williamson,2.0,Experienced Runners
Franck Lagorce,2.0,Experienced Runners
Hideki Noda,2.0,Experienced Runners
Emanuele Naspetti,2.0,Experienced Runners
Olivier Beretta,2.0,Experienced Runners
Christian Fittipaldi,2.0,Experienced Runners
Tom Pryce,2.0,Experienced Runners
Jyrki Järvilehto,2.0,Experienced Runners
Philippe Adams,2.0,Experienced Runners
Gunnar Nilsson,2.0,Experienced Runners
Ingo Hoffmann,2.0,Experienced Runners
Larry Perkins,2.0,Experienced Runners
Bernard de Dryver,2.0,Experienced Runners
Marco Apicella,2.0,Experienced Runners
Warwick Brown,2.0,Experienced Runners
Noritake Takahara,2.0,Experienced Runners
Rikky von Opel,2.0,Experienced Runners
François Hesnault,2.0,Experienced Runners
Allen Berg,2.0,Experienced Runners
Chico Serra,2.0,Experienced Runners
Mike Thackwell,2.0,Experienced Runners
Johnny Cecotto,2.0,Experienced Runners
Corrado Fabi,2.0,Experienced Runners
Kenny Acheson,2.0,Experienced Runners
Enrico Bertaggia,2.0,Experienced Runners
Pedro Chaves,2.0,Experienced Runners
Alex Caffi,2.0,Experienced Runners
Andrea Chiesa,2.0,Experienced Runners
Naoki Hattori,2.0,Experienced Runners
Jaime Alguersuari,2.0,Experienced Runners
Michael Bartels,2.0,Experienced Runners
Gregor Foitek,2.0,Experienced Runners
Martin Donnelly,2.0,Experienced Runners
Hector Rebaque,2.0,Experienced Runners
Beppe Gabbiani,2.0,Experienced Runners
Bernd Schneider,2.0,Experienced Runners
Volker Weidler,2.0,Experienced Runners
Kamui Kobayashi,2.0,Experienced Runners
Raul Boesel,2.0,Experienced Runners
Alexander Albon,2.0,Experienced Runners
Franco Colapinto,2.0,Experienced Runners
Nyck de Vries,2.0,Experienced Runners
Guanyu Zhou,2.0,Experienced Runners
Pascal Fabre,2.0,Experienced Runners
Logan Sargeant,2.0,Experienced Runners
Adrián Campos,2.0,Experienced Runners
Stefan Bellof,2.0,Experienced Runners
Johnny Dumfries,2.0,Experienced Runners
Pierre-Henri Raphanel,2.0,Experienced Runners
Felipe Nasr,2.0,Experienced Runners
Sergey Sirotkin,2.0,Experienced Runners
Antonio Giovinazzi,2.0,Experienced Runners
Brendon Hartley,2.0,Experienced Runners
Nikita Mazepin,2.0,Experienced Runners
Mick Schumacher,2.0,Experienced Runners
Esteban Ocon,2.0,Experienced Runners
Lance Stroll,2.0,Experienced Runners
Yuki Tsunoda,2.0,Experienced Runners
Jack Aitken,2.0,Experienced Runners
Pietro Fittipaldi,2.0,Experienced Runners
Nicholas Latifi,2.0,Experienced Runners
Oliver Bearman,2.0,Experienced Runners
Liam Lawson,2.0,Experienced Runners
Rio Haryanto,2.0,Experienced Runners
Roberto Merhi,2.0,Experienced Runners
Anthony Davidson,2.0,Experienced Runners
Tiago Monteiro,2.0,Experienced Runners
Christian Klien,2.0,Experienced Runners
Markus Winkelhock,2.0,Experienced Runners
Sakon Yamamoto,2.0,Experienced Runners
Stoffel Vandoorne,2.0,Experienced Runners
Scott Speed,2.0,Experienced Runners
Christijan Albers,2.0,Experienced Runners
Pascal Wehrlein,2.0,Experienced Runners
Jolyon Palmer,2.0,Experienced Runners
Alexander Rossi,2.0,Experienced Runners
Vitantonio Liuzzi,2.0,Experienced Runners
Timo Glock,2.0,Experienced Runners
Nelson Piquet Jr.,2.0,Experienced Runners
Adrian Sutil,2.0,Experienced Runners
Kazuki Nakajima,2.0,Experienced Runners
Nick Heidfeld,1.9166666666666667,Experienced Runners
Emerson Fittipaldi,1.9,Experienced Runners
Jos Verstappen,1.875,Experienced Runners
Nico Hülkenberg,1.8461538461538463,Experienced Runners
Stefano Modena,1.8333333333333333,Experienced Runners
Alexander Wurz,1.8333333333333333,Experienced Runners
Hans-Joachim Stuck,1.8333333333333333,Experienced Runners
Jacques Villeneuve,1.8181818181818181,Experienced Runners
Alessandro Nannini,1.8,Experienced Runners
Luca Badoer,1.8,Experienced Runners
Maurício Gugelmin,1.8,Experienced Runners
Clay Regazzoni,1.8,Experienced Runners
Alessandro Zanardi,1.8,Experienced Runners
Jan Lammers,1.8,Experienced Runners
Giancarlo Fisichella,1.7857142857142858,Experienced Runners
Ivan Capelli,1.7777777777777777,Experienced Runners
Nicola Larini,1.75,Experienced Runners
Marc Gené,1.75,Experienced Runners
Éric Bernard,1.75,Experienced Runners
Ronnie Peterson,1.75,Experienced Runners
Eddie Cheever,1.7272727272727273,Experienced Runners
Takuma Sato,1.7142857142857142,Experienced Runners
Riccardo Patrese,1.7058823529411764,Experienced Runners
Eddie Irvine,1.7,Experienced Runners
Emanuele Pirro,1.6666666666666667,Experienced Runners
Jarno Trulli,1.6666666666666667,Experienced Runners
Ricardo Rosset,1.6666666666666667,Experienced Runners
François Cevert,1.6666666666666667,Experienced Runners
Peter Revson,1.6666666666666667,Experienced Runners
Pedro Diniz,1.6666666666666667,Experienced Runners
Hans Binder,1.6666666666666667,Experienced Runners
Alex Ribeiro,1.6666666666666667,Experienced Runners
Eliseo Salazar,1.6666666666666667,Experienced Runners
Thierry Boutsen,1.6363636363636365,Experienced Runners
Jean Alesi,1.6153846153846154,Experienced Runners
Heinz-Harald Frentzen,1.6,Experienced Runners
Yannick Dalmas,1.6,Experienced Runners
Alan Jones,1.6,Experienced Runners
Gabriele Tarquini,1.5714285714285714,Experienced Runners
Andrea de Cesaris,1.5333333333333334,Experienced Runners
Giorgio Francia,1.5,Experienced Runners
Christian Danner,1.5,Experienced Runners
Sébastien Bourdais,1.5,Experienced Runners
René Arnoux,1.5,Experienced Runners
Paolo Barilla,1.5,Experienced Runners
Julian Bailey,1.5,Experienced Runners
Fabrizio Barbazza,1.5,Experienced Runners
Michele Alboreto,1.5,Experienced Runners
Johnny Herbert,1.5,Experienced Runners
Denny Hulme,1.5,Experienced Runners
Ian Ashley,1.5,Experienced Runners
Martin Brundle,1.5,Experienced Runners
Cristiano da Matta,1.5,Experienced Runners
Bertrand Gachot,1.5,Experienced Runners
Michael Bleekemolen,1.5,Experienced Runners
Patrick Depailler,1.5,Experienced Runners
David Brabham,1.5,Experienced Runners
Jacques Laffite,1.4615384615384615,Young Inexperienced
Jacky Ickx,1.4444444444444444,Young Inexperienced
Keke Rosberg,1.4444444444444444,Young Inexperienced
Jonathan Palmer,1.4285714285714286,Young Inexperienced
Harald Ertl,1.4,Young Inexperienced
Derek Daly,1.4,Young Inexperienced
Pierluigi Martini,1.4,Young Inexperienced
Bruno Giacomelli,1.375,Young Inexperienced
Mario Andretti,1.3636363636363635,Young Inexperienced
Narain Karthikeyan,1.3333333333333333,Young Inexperienced
Patrick Tambay,1.3333333333333333,Young Inexperienced
Stefan Johansson,1.3,Young Inexperienced
Roberto Moreno,1.2857142857142858,Young Inexperienced
John Watson,1.25,Young Inexperienced
Érik Comas,1.25,Young Inexperienced
Ian Scheckter,1.25,Young Inexperienced
Geoff Lees,1.25,Young Inexperienced
Mika Salo,1.25,Young Inexperienced
Mauro Baldi,1.25,Young Inexperienced
Pedro de la Rosa,1.2222222222222223,Young Inexperienced
Olivier Panis,1.2,Young Inexperienced
Teo Fabi,1.2,Young Inexperienced
Derek Warwick,1.1818181818181819,Young Inexperienced
Aguri Suzuki,1.125,Young Inexperienced
Jochen Mass,1.1111111111111112,Young Inexperienced
Jean-Pierre Jarier,1.0909090909090908,Young Inexperienced
Gianfranco Brancatelli,1.0,Young Inexperienced
Vittorio Brambilla,1.0,Young Inexperienced
Arturo Merzario,1.0,Young Inexperienced
Claudio Langes,1.0,Young Inexperienced
Gary Brabham,1.0,Young Inexperienced
Perry McCarthy,1.0,Young Inexperienced
Jo Gartner,1.0,Young Inexperienced
Giovanna Amati,1.0,Young Inexperienced
Danny Sullivan,1.0,Young Inexperienced
Satoru Nakajima,1.0,Young Inexperienced
Huub Rothengatter,1.0,Young Inexperienced
Franco Forini,1.0,Young Inexperienced
Jean-Louis Schlesser,1.0,Young Inexperienced
Oscar Larrauri,1.0,Young Inexperienced
Philippe Streiff,1.0,Young Inexperienced
Joachim Winkelhock,1.0,Young Inexperienced
Marc Surer,1.0,Young Inexperienced
Manfred Winkelhock,1.0,Young Inexperienced
Jacques Villeneuve Sr.,1.0,Young Inexperienced
Michael Andretti,1.0,Young Inexperienced
Jean-Marc Gounon,1.0,Young Inexperienced
Philippe Alliot,1.0,Young Inexperienced
Paul Belmondo,1.0,Young Inexperienced
Roland Ratzenberger,1.0,Young Inexperienced
Carlos Pace,1.0,Young Inexperienced
Danny Ongais,1.0,Young Inexperienced
Brett Lunger,1.0,Young Inexperienced
Alberto Colombo,1.0,Young Inexperienced
Rolf Stommelen,1.0,Young Inexperienced
Divina Galica,1.0,Young Inexperienced
Tony Trimmer,1.0,Young Inexperienced
Carlo Franchi,1.0,Young Inexperienced
Jean-Denis Délétraz,1.0,Young Inexperienced
Renzo Zorzi,1.0,Young Inexperienced
Piercarlo Ghinzani,1.0,Young Inexperienced
Siegfried Stohr,1.0,Young Inexperienced
Miguel Ángel Guerra,1.0,Young Inexperienced
Emilio de Villota,1.0,Young Inexperienced
Slim Borgudd,1.0,Young Inexperienced
Brian Henton,1.0,Young Inexperienced
Luis Pérez-Sala,1.0,Young Inexperienced
Jean-Pierre Jabouille,1.0,Young Inexperienced
Ricardo Londoño,1.0,Young Inexperienced
Dave Kennedy,1.0,Young Inexperienced
Ricardo Zunino,1.0,Young Inexperienced
Tiff Needell,1.0,Young Inexperienced
Stephen South,1.0,Young Inexperienced
Desiré Wilson,1.0,Young Inexperienced
David Purley,1.0,Young Inexperienced
Olivier Grouillard,1.0,Young Inexperienced
Toshio Suzuki,1.0,Young Inexperienced
Wilson Fittipaldi,1.0,Young Inexperienced
Graham Hill,1.0,Young Inexperienced
Dave Charlton,1.0,Young Inexperienced
Guy Tunmer,1.0,Young Inexperienced
François Migault,1.0,Young Inexperienced
Torsten Palm,1.0,Young Inexperienced
Gijs van Lennep,1.0,Young Inexperienced
Eddie Keizan,1.0,Young Inexperienced
Jackie Oliver,1.0,Young Inexperienced
Andy Sutcliffe,1.0,Young Inexperienced
Brian McGuire,1.0,Young Inexperienced
Guy Edwards,1.0,Young Inexperienced
Vern Schuppan,1.0,Young Inexperienced
Hans Heyer,1.0,Young Inexperienced
Conny Andersson,1.0,Young Inexperienced
Eric van de Poele,1.0,Young Inexperienced
Kazuyoshi Hoshino,1.0,Young Inexperienced
Lella Lombardi,1.0,Young Inexperienced
Bob Evans,1.0,Young Inexperienced
Michel Leclère,1.0,Young Inexperienced
Chris Amon,1.0,Young Inexperienced
Emilio Zapico,1.0,Young Inexperienced
Henri Pescarolo,1.0,Young Inexperienced
Jac Nelleman,1.0,Young Inexperienced
Damien Magee,1.0,Young Inexperienced
Mike Wilds,1.0,Young Inexperienced
Alessandro Pesenti-Rossi,1.0,Young Inexperienced
Otto Stuppacher,1.0,Young Inexperienced
Masahiro Hasemi,1.0,Young Inexperienced
Mark Donohue,1.0,Young Inexperienced
Teddy Pilette,1.0,Young Inexperienced
Kunimitsu Takahashi,1.0,Young Inexperienced
Carlo Facetti,1.0,Young Inexperienced
Dieter Quester,1.0,Young Inexperienced
David Hobbs,1.0,Young Inexperienced
Derek Bell,1.0,Young Inexperienced
Peter Gethin,1.0,Young Inexperienced
José Dolhem,1.0,Young Inexperienced
Bertil Roos,1.0,Young Inexperienced
Reine Wisell,1.0,Young Inexperienced
Leo Kinnunen,1.0,Young Inexperienced
Gérard Larrousse,1.0,Young Inexperienced
Tim Schenken,1.0,Young Inexperienced
Brian Redman,1.0,Young Inexperienced
Tom Belsø,1.0,Young Inexperienced
Paddy Driver,1.0,Young Inexperienced
Richard Robarts,1.0,Young Inexperienced
Howden Ganley,1.0,Young Inexperienced
Roelof Wunderink,1.0,Young Inexperienced
Jean-Pierre Beltoise,1.0,Young Inexperienced
Mike Hailwood,1.0,Young Inexperienced
Jo Vonlanthen,1.0,Young Inexperienced
Dave Morgan,1.0,Young Inexperienced
Jim Crawford,1.0,Young Inexperienced
John Nicholson,1.0,Young Inexperienced
Hiroshi Fushida,1.0,Young Inexperienced
Graham McRae,1.0,Young Inexperienced
Helmut Marko,1.0,Young Inexperienced
David Walker,1.0,Young Inexperienced
Nanni Galli,1.0,Young Inexperienced
Luiz Bueno,1.0,Young Inexperienced
George Follmer,1.0,Young Inexperienced
Mike Beuttler,1.0,Young Inexperienced
Eppie Wietzes,1.0,Young Inexperienced
Vincenzo Sospiri,1.0,Young Inexperienced
Ukyo Katayama,1.0,Young Inexperienced
Allan McNish,1.0,Young Inexperienced
Jo Bonnier,1.0,Young Inexperienced
Silvio Moser,1.0,Young Inexperienced
Pete Lovely,1.0,Young Inexperienced
Jack Brabham,1.0,Young Inexperienced
John Miles,1.0,Young Inexperienced
Pedro Rodríguez,1.0,Young Inexperienced
Jo Siffert,1.0,Young Inexperienced
Sam Posey,1.0,Young Inexperienced
Alex Soler-Roig,1.0,Young Inexperienced
John Love,1.0,Young Inexperienced
John Surtees,1.0,Young Inexperienced
Skip Barber,1.0,Young Inexperienced
Bill Brack,1.0,Young Inexperienced
Jackie Pretorius,1.0,Young Inexperienced
Andrea de Adamich,1.0,Young Inexperienced
Andrea Montermini,1.0,Young Inexperienced
Yuji Ide,1.0,Young Inexperienced
Taki Inoue,1.0,Young Inexperienced
Giovanni Lavaggi,1.0,Young Inexperienced
Bruce McLaren,1.0,Young Inexperienced
Johnny Servoz-Gavin,1.0,Young Inexperienced
Piers Courage,1.0,Young Inexperienced
Peter de Klerk,1.0,Young Inexperienced
Dan Gurney,1.0,Young Inexperienced
Ignazio Giunti,1.0,Young Inexperienced
Hubert Hahne,1.0,Young Inexperienced
Gus Hutchison,1.0,Young Inexperienced
Peter Westbury,1.0,Young Inexperienced
André Lotterer,1.0,Young Inexperienced
